insert into tbl_group (id, groupname, motto) values ('d715b75a-619c-46ca-b6c9-1c2b9d7fa076', 'Eayo', 'velit donec diam neque vestibulum eget vulputate ut ultrices vel augue vestibulum ante ipsum primis in faucibus orci');
insert into tbl_group (id, groupname, motto) values ('7239c42f-b7ab-4db5-9ef6-75949f18467a', 'Gabtune', 'et tempus semper est quam pharetra magna ac consequat metus sapien ut nunc');
insert into tbl_group (id, groupname, motto) values ('29b9110a-4c13-4889-9309-816968883e23', 'Bubbletube', 'lacinia eget tincidunt eget tempus vel pede morbi porttitor lorem id ligula suspendisse ornare');
insert into tbl_group (id, groupname, motto) values ('3cb6cd84-3911-4890-baa7-093dee188e76', 'Voonix', 'pellentesque quisque porta volutpat erat quisque erat eros viverra eget congue eget semper rutrum nulla nunc purus');
insert into tbl_group (id, groupname, motto) values ('fb27464b-bec9-41e9-9e6f-70a86728cf15', 'Edgewire', 'semper rutrum nulla nunc purus phasellus in felis donec semper sapien a libero nam dui proin leo odio porttitor id');
insert into tbl_group (id, groupname, motto) values ('0dfddb8d-7100-4fd4-b8f2-8eeadce8a17b', 'Zooxo', 'lobortis est phasellus sit amet erat nulla tempus vivamus in felis eu sapien cursus vestibulum');
insert into tbl_group (id, groupname, motto) values ('836efa01-6192-49c9-82b4-613b22411dc9', 'Centimia', 'luctus et ultrices posuere cubilia curae donec pharetra magna vestibulum aliquet ultrices erat tortor sollicitudin');
insert into tbl_group (id, groupname, motto) values ('2a056ca3-6c03-4d6a-9f7a-506e1706bdb7', 'Yodoo', 'auctor gravida sem praesent id massa id nisl venenatis lacinia aenean sit amet justo morbi ut odio cras mi pede');
insert into tbl_group (id, groupname, motto) values ('12ca7bf5-f970-4499-bde1-d3ddb0380f92', 'Camimbo', 'interdum mauris ullamcorper purus sit amet nulla quisque arcu libero rutrum ac lobortis vel dapibus at diam nam');
insert into tbl_group (id, groupname, motto) values ('cce60efd-0c81-444a-9726-cd72de2cd221', 'Jazzy', 'hac habitasse platea dictumst aliquam augue quam sollicitudin vitae consectetuer eget rutrum at lorem integer tincidunt ante');
insert into tbl_group (id, groupname, motto) values ('5d90cbe9-fbc1-4d35-9be4-88e8cf5a5a37', 'Thoughtblab', 'cursus vestibulum proin eu mi nulla ac enim in tempor turpis nec euismod scelerisque quam turpis adipiscing lorem vitae mattis');
insert into tbl_group (id, groupname, motto) values ('07069128-65fe-4133-a2c1-e06af83d8d39', 'Skynoodle', 'erat quisque erat eros viverra eget congue eget semper rutrum nulla nunc purus phasellus in felis');
insert into tbl_group (id, groupname, motto) values ('19478932-6de0-497e-9cfd-e2ce5c09ecbc', 'Zoomzone', 'convallis tortor risus dapibus augue vel accumsan tellus nisi eu orci mauris lacinia sapien quis libero nullam sit amet');
insert into tbl_group (id, groupname, motto) values ('e3b508c5-392c-452f-af57-e3d0d5ff21f5', 'Youopia', 'lobortis vel dapibus at diam nam tristique tortor eu pede');
insert into tbl_group (id, groupname, motto) values ('858df4fa-3cd5-4445-9bfa-553f7bc72297', 'Cogilith', 'nec nisi volutpat eleifend donec ut dolor morbi vel lectus in');
insert into tbl_group (id, groupname, motto) values ('067c3f06-27bf-468e-a1d2-1077339c6557', 'Camimbo', 'ac consequat metus sapien ut nunc vestibulum ante ipsum primis in faucibus');
insert into tbl_group (id, groupname, motto) values ('ce0b1850-e5a0-49d4-aeec-eb0450659796', 'Cogidoo', 'velit eu est congue elementum in hac habitasse platea dictumst morbi vestibulum velit id pretium');
insert into tbl_group (id, groupname, motto) values ('be75dd4c-9600-45fd-8816-fd9ec9c6c2fe', 'Fadeo', 'leo pellentesque ultrices mattis odio donec vitae nisi nam ultrices libero non mattis');
insert into tbl_group (id, groupname, motto) values ('b45b1a7e-d17a-4c74-a7b9-0aa7d2750947', 'Trilith', 'dictumst etiam faucibus cursus urna ut tellus nulla ut erat id mauris');
insert into tbl_group (id, groupname, motto) values ('fbef1d8c-841b-4b7f-bcc2-8904435b4028', 'Zoomdog', 'sollicitudin mi sit amet lobortis sapien sapien non mi integer ac neque duis bibendum morbi non quam nec dui luctus');
insert into tbl_group (id, groupname, motto) values ('986e4fc4-9610-11ec-b909-0242ac120002', 'Zoomdog', 'sollicitudin mi sit amet lobortis sapien sapien non mi integer ac neque duis bibendum morbi non quam nec dui luctus');




insert into users (id, username, email, password) values ('88887d3a-fbe1-4980-ae8e-e60ddfafd863', 'khorick0', 'vsimoens0@fastcompany.com', 'ru8B8yf2b');
insert into users (id, username, email, password) values ('421d4c84-6c4f-45c7-83f5-7eeedc738766', 'phackin1', 'jwalklate1@jugem.jp', 'E8QdYKuvj9');
insert into users (id, username, email, password) values ('0a6794dd-2bd7-490d-ae01-a655026aa974', 'cstaterfield2', 'fgreguol2@twitter.com', 'UUJfvU');
insert into users (id, username, email, password) values ('3e1e7a33-fd66-4492-a1e5-e51c8e77efc9', 'dcapini3', 'peyles3@hexun.com', 'kCOI0ssYEp');
insert into users (id, username, email, password) values ('0f806241-d373-44b7-afcb-7a43a81ffb45', 'ggriffith4', 'bdrew4@yelp.com', 'vfE6l5KWeTQ');
insert into users (id, username, email, password) values ('3a141389-1b82-4b47-92b9-8f59eab8c408', 'eclawsley5', 'tmcgowan5@tumblr.com', '3RaWTAd');
insert into users (id, username, email, password) values ('1af20e98-fd09-44c7-8a42-eb33e0fdd852', 'msalla6', 'jcossans6@google.ca', 'rpRQKkT');
insert into users (id, username, email, password) values ('cf63e993-610c-43e3-9760-b3a14eb76487', 'mvallens7', 'hmarcombe7@miitbeian.gov.cn', 'PYMFjDe');
insert into users (id, username, email, password) values ('290de540-6983-452a-b302-6f4d989e58bf', 'celiff8', 'aocarroll8@multiply.com', 'qzcUk25');
insert into users (id, username, email, password) values ('78414a77-b71b-4353-b829-ff5b76a6eada', 'aarndt9', 'lgaule9@posterous.com', '9R7eodXs');
insert into users (id, username, email, password) values ('0a6125ca-9efa-49df-b513-ac89bc0f6e07', 'jmcilorya', 'bmayhoa@ebay.com', 'uZVe8w');
insert into users (id, username, email, password) values ('0a1650cd-4659-465f-968a-f6f11c717557', 'zsydeb', 'btrundleb@hugedomains.com', 'WGxilS5k09d');
insert into users (id, username, email, password) values ('1622e2db-36d8-4640-a94e-8748bcf19634', 'ndouchec', 'ahardic@bloomberg.com', '9sgJVvcbtn4');
insert into users (id, username, email, password) values ('682c15aa-63c6-4bce-851b-f3622c67c862', 'hfillinghamd', 'ogatelyd@wordpress.org', 'PcDKkGMf');
insert into users (id, username, email, password) values ('bbd46cb0-90b4-4806-9f84-8b2bc8d3f3f6', 'tnele', 'phadentone@npr.org', 'X7A51J');
insert into users (id, username, email, password) values ('0b47be04-7d6e-4d03-89da-96bccf7bf295', 'ahabblef', 'hsidwickf@artisteer.com', 'sXlvZCEqt4I');
insert into users (id, username, email, password) values ('ed7a8708-c3b8-423a-afbf-83b94e466c0b', 'mwasbroughg', 'lmathisong@cafepress.com', 'EbfyBR');
insert into users (id, username, email, password) values ('44a1ec0d-9e10-42d4-ae61-58e11318db67', 'caitkenheadh', 'emaddieh@tamu.edu', 'Y4v11DG45mLw');
insert into users (id, username, email, password) values ('1cbbf25e-2113-4fb8-9b57-9043d44fc46d', 'ysyderi', 'cmeasi@illinois.edu', 'QDC0Egx6nCZd');
insert into users (id, username, email, password) values ('82aa2ef6-ede5-42ee-9b40-add94a7403c5', 'averryj', 'vcrombleholmej@house.gov', 'MVOuyQvM3ado');
insert into users (id, username, email, password) values ('d4ab7dd1-ee56-4484-8994-914202545a0e', 'dmccaskillk', 'etroddenk@theglobeandmail.com', 'nWoCz0');
insert into users (id, username, email, password) values ('41ee6654-47dc-4f63-b35b-0c972b28171d', 'tfigguresl', 'acadyl@newyorker.com', 'yaWLxe');
insert into users (id, username, email, password) values ('0fb6b18e-bbda-4a7d-bfc4-5810a9e648bc', 'mmessenbirdm', 'msollemem@qq.com', 'FvtmKXKE');
insert into users (id, username, email, password) values ('5bafcf78-b921-4b38-b7fa-e2630d239a9e', 'mgibbinn', 'mguiten@freewebs.com', 'Ke4L3z27Q9');
insert into users (id, username, email, password) values ('0f2224f6-4602-4703-994e-c2285dcfd047', 'yhephero', 'nperigoeo@bloglovin.com', '9WGSek');
insert into users (id, username, email, password) values ('2ec98ea7-cc60-4df4-9973-64c9a83cfd5a', 'rzamorranop', 'sspillanep@usatoday.com', 'gNjpYF1x');
insert into users (id, username, email, password) values ('b79ca9c4-36cc-481e-a16d-8b392fcf1798', 'bberendsenq', 'khawkridgeq@businessinsider.com', 'eKiK6yN');
insert into users (id, username, email, password) values ('e9332ae5-e6e6-4f8c-896b-e44de42257c2', 'pboggisr', 'srewr@marketwatch.com', 'zXSd4HXZ');
insert into users (id, username, email, password) values ('bcbd34b1-70de-470d-82bd-9be73f3a398b', 'gstewartsons', 'bhebburns@mac.com', 'vNW33QZ9PpD');
insert into users (id, username, email, password) values ('7beaa580-1845-47a2-b404-9dda2e9acb14', 'cgoodlattt', 'rissakovt@aboutads.info', 'uySFFxMw3hLa');
insert into users (id, username, email, password) values ('f6005c20-a981-4e34-8021-738c5a5b625d', 'mlearnedu', 'pcicchitellou@fda.gov', 'MPJZht');
insert into users (id, username, email, password) values ('1b163b95-f4ca-4530-840f-64f6b2fbfddd', 'jdantonv', 'rgravesv@amazon.co.uk', 'QPRQQfB9');
insert into users (id, username, email, password) values ('9a3dfca4-7f90-481c-baef-c9704f0c0eec', 'rpesticciow', 'jnadinw@slate.com', 'ksH81RoeUlG');
insert into users (id, username, email, password) values ('b7059667-6e01-46b3-b699-29115f137949', 'knovkovicx', 'hjahnsx@rakuten.co.jp', 'X1746IZePvSX');
insert into users (id, username, email, password) values ('7dcea37f-4e26-4fad-b0f0-0f32ae6b4bcd', 'gaughtony', 'dosuairdy@gov.uk', 'JWvdLe0m');
insert into users (id, username, email, password) values ('ac3ecffd-16f6-4f55-85a9-98099989e7d5', 'jkrusez', 'rbutchartz@disqus.com', 'ie5sJUTOg9wp');
insert into users (id, username, email, password) values ('3ee655a7-bd0a-4232-b8aa-89a2af405670', 'gthackston10', 'cmcgee10@netvibes.com', 'sAlN8zMHJ2W');
insert into users (id, username, email, password) values ('dd48ee67-0177-4c7e-9023-75cbe043b7ea', 'zprop11', 'mvokes11@elpais.com', 'yNx1gav');
insert into users (id, username, email, password) values ('106ef911-253e-4d5a-a538-b0da2845f05e', 'mkmicicki12', 'zdebiaggi12@auda.org.au', '3XLOoo');
insert into users (id, username, email, password) values ('6a452c6d-49c2-4cf0-99ae-d08f626b1968', 'cdabs13', 'mclarae13@last.fm', 'OEmHau4WPf4');
insert into users (id, username, email, password) values ('1fadf376-75ce-438d-bf75-a9a2359dad41', 'gpiatto14', 'ktorn14@google.co.uk', 'nfK7S7Q');
insert into users (id, username, email, password) values ('1cfebcca-9d96-4caf-ad64-4d1d2155735e', 'darnault15', 'wwretham15@imgur.com', 'pbd3UZ');
insert into users (id, username, email, password) values ('8791c817-eaa3-481f-9fd8-1b2482606800', 'vmcgroarty16', 'mbainton16@slideshare.net', 'J0T4es7U');
insert into users (id, username, email, password) values ('3b8879a1-a5d5-4fcf-8ca3-2ccfc761ab92', 'atarbin17', 'epannett17@ft.com', '1YWIS8l6rd');
insert into users (id, username, email, password) values ('8a1b0aca-78b2-4493-85ef-332753e827f8', 'dpegram18', 'lkendell18@pen.io', 'Gds9OwR9ej');
insert into users (id, username, email, password) values ('117ef0b3-e23a-4ad1-9a3b-ec0b7f106c25', 'apotkins19', 'lshovelin19@w3.org', 'aCykzYxaZ');
insert into users (id, username, email, password) values ('330392d3-16c5-4602-bd81-06421620d3f7', 'asmyth1a', 'dblune1a@technorati.com', 'JBb34u3q');
insert into users (id, username, email, password) values ('9ad79d15-a211-4b8b-a67d-3b80868c501b', 'cdaffey1b', 'jvaudre1b@artisteer.com', 'IXfldIa3m');
insert into users (id, username, email, password) values ('24596baf-f0a1-403e-b737-7be1283bdebe', 'swoolward1c', 'bstrickett1c@webs.com', '853TMUYQ');
insert into users (id, username, email, password) values ('31baa9aa-e459-46f8-9d0f-eaffc195983d', 'dstockall1d', 'nbarkes1d@go.com', 'HhzmcbYQ5f2x');
insert into users (id, username, email, password) values ('44a297d1-5025-46b1-b86e-9a952a0451c8', 'tmurrow1e', 'zmacglory1e@nature.com', 'af7zEspGa');
insert into users (id, username, email, password) values ('91bc5a85-5a00-4922-adc3-4be27b7499d4', 'lclutterbuck1f', 'kmayoral1f@over-blog.com', 'qIc0SXQAd4YN');
insert into users (id, username, email, password) values ('2a269ec1-67a1-4560-a9dc-f252b2339287', 'goakenfield1g', 'icrosier1g@dedecms.com', 'EOFhOn');
insert into users (id, username, email, password) values ('120de5b0-8731-4b67-b5c2-10493b52f06c', 'rhargate1h', 'bsavill1h@noaa.gov', 'DUtUV6cqBj');
insert into users (id, username, email, password) values ('cf95ff2b-ef08-4632-a641-97846036dcfb', 'bdellenbroker1i', 'dmoakes1i@acquirethisname.com', 'vvw5Jyq');
insert into users (id, username, email, password) values ('d26292c6-5eae-49ff-8f6c-5beda989322d', 'rweyman1j', 'jspehr1j@reddit.com', 'ZV53zgWH5');
insert into users (id, username, email, password) values ('b34ffc36-748a-4632-8729-f3595b20cfc3', 'awickliffe1k', 'oswarbrigg1k@smugmug.com', 'qc0e3eG6DUM');
insert into users (id, username, email, password) values ('0e1f2aa5-f66d-4366-8e94-e42f21f5d936', 'amellodey1l', 'bdallaway1l@scientificamerican.com', 'Yi8POFcqJ5');
insert into users (id, username, email, password) values ('875618b9-11bd-45a8-bb30-9c6c5c142a7b', 'astonehewer1m', 'fricci1m@google.com.au', 'gOwgwiFTh42s');
insert into users (id, username, email, password) values ('fed7c04d-dc1c-4a97-9e9b-052d9dbd455d', 'lvenus1n', 'wlukehurst1n@dmoz.org', 'cYbM2tYHcz');
insert into users (id, username, email, password) values ('7ca697fe-54bb-42b8-9d60-0a75f9db8e71', 'rmorgon1o', 'okharchinski1o@sourceforge.net', 'gxA4UREJVQZ');
insert into users (id, username, email, password) values ('ea6390a2-f275-40d9-8ff4-5ecffbf374c6', 'scawkill1p', 'socurrane1p@mapy.cz', 'EM4nOk6');
insert into users (id, username, email, password) values ('0d38d45a-b7e8-4d08-b1af-c7172f01d1aa', 'sdivill1q', 'gkeattch1q@oaic.gov.au', 'UuTAFUBac2');
insert into users (id, username, email, password) values ('a4b05fdc-370c-440a-8368-0efa40b59a91', 'ibullard1r', 'tlanham1r@chicagotribune.com', 'UFOVYH');
insert into users (id, username, email, password) values ('18297a21-1911-427f-98c4-c0f78240a417', 'afouracres1s', 'mholmyard1s@mayoclinic.com', 'oeUSclzdRyw');
insert into users (id, username, email, password) values ('49b7a009-e679-4a76-8e4f-d42f7fcab045', 'jcabbell1t', 'mtoor1t@bloglovin.com', '6OzSQM0ZgOf9');
insert into users (id, username, email, password) values ('fa2f2718-5e0c-46a8-9cd4-e426b865268f', 'hsange1u', 'pteaze1u@ebay.com', 'yZI857');
insert into users (id, username, email, password) values ('7fcaef78-0b67-43ed-988a-7ec0c3283627', 'jcanter1v', 'ehundal1v@nasa.gov', 'SScyU6');
insert into users (id, username, email, password) values ('ae9533cc-232c-44fc-8969-29f8a654c72b', 'mfarguhar1w', 'ddedam1w@time.com', 'FAAyUifxzz');
insert into users (id, username, email, password) values ('28c3bfe8-0f83-4d59-9a8b-4236e182bf0f', 'bgowrie1x', 'ameneely1x@com.com', 's6u734');
insert into users (id, username, email, password) values ('4fc296f2-fb9c-4b9c-9472-2bbc460fb16b', 'sgiorio1y', 'dsproson1y@cbsnews.com', 'ZVAKOjxFtfk4');
insert into users (id, username, email, password) values ('7b69ba2f-b988-4629-a43b-be4f97bc3310', 'klonsbrough1z', 'jedgcumbe1z@admin.ch', 'IukQ7EaBAHGm');
insert into users (id, username, email, password) values ('b502164d-1ece-4e5b-8a8b-26a49c316c67', 'hbaldery20', 'bdyett20@odnoklassniki.ru', 'xjDzQYD7xx');
insert into users (id, username, email, password) values ('752ae5ca-446d-4505-a49c-c8fdcebde6d9', 'edow21', 'vlygo21@howstuffworks.com', 'Q4JNregLxL');
insert into users (id, username, email, password) values ('e15f0945-b7d4-4e0b-91dd-7ead227d27f9', 'sinker22', 'bhaquard22@github.io', 'zebyWunyG');
insert into users (id, username, email, password) values ('4584087a-313a-469c-a081-6b579f238f72', 'bklaassens23', 'mmoyers23@skype.com', 'gwiyoJs');
insert into users (id, username, email, password) values ('01dfb166-c299-4a08-84fb-0fee33008f72', 'kovington24', 'nohms24@narod.ru', 'c5PsWRaLlv');
insert into users (id, username, email, password) values ('f89c021e-47d2-45f5-b524-25e1d718f7b8', 'aharnetty25', 'rcardenosa25@kickstarter.com', 'DayVlIB5QU');
insert into users (id, username, email, password) values ('589dae8e-966c-434d-be8e-7b741b60d115', 'ppettipher26', 'kgodrich26@buzzfeed.com', 'QnrDADK');
insert into users (id, username, email, password) values ('c201ad3b-2041-4f65-b033-62445f0b3122', 'nharriman27', 'epipkin27@nsw.gov.au', 'VGUlDG');
insert into users (id, username, email, password) values ('fb5ada4f-2c51-4304-8179-17fa4e0d2d2f', 'cbatrop28', 'sharrold28@psu.edu', '2ACaOo');
insert into users (id, username, email, password) values ('90bac2d0-7e3a-4377-8a75-1abadc406a95', 'ddevaney29', 'cduly29@bluehost.com', 'dOnKqhxP');
insert into users (id, username, email, password) values ('450da43b-a293-4e78-bc3f-3a0d6217c6cf', 'rlampen2a', 'bclaydon2a@booking.com', 'haM0NqrM');
insert into users (id, username, email, password) values ('8d59a058-3abb-4c76-9947-20e2f225dc8f', 'roglevie2b', 'fpaolazzi2b@buzzfeed.com', 'WcQHT3MMuqg');
insert into users (id, username, email, password) values ('a6a42358-dbfb-4f52-bcf2-8500429792b3', 'cdomican2c', 'vsnaddon2c@creativecommons.org', '399mwJAs81yF');
insert into users (id, username, email, password) values ('712e72ab-d129-47a8-a027-83fe4e88a7f8', 'ccarren2d', 'tlusk2d@themeforest.net', '6uUBh68AjqN');
insert into users (id, username, email, password) values ('3bd45d03-4e22-4477-b49c-a09b1a3914cd', 'gperocci2e', 'skorba2e@live.com', 'rIvUJvr');
insert into users (id, username, email, password) values ('dc9c0e6a-c48e-470f-b5c8-8129aea48092', 'dbroadnicke2f', 'kjudkins2f@independent.co.uk', '9oJjm8S');
insert into users (id, username, email, password) values ('205e84cc-e98e-4bea-b25a-26c9a1688f2a', 'taburrow2g', 'sshelbourne2g@umn.edu', 'fHdCAAKmXPE');
insert into users (id, username, email, password) values ('45633cfa-1385-4331-8131-bc0965da70a8', 'mmulhill2h', 'esomner2h@dailymail.co.uk', 'S5fSQhadR');
insert into users (id, username, email, password) values ('f4082ad1-8f60-4ce5-aef4-8035d0ee5c09', 'nwasling2i', 'cleicester2i@cdbaby.com', 'Nix4QNY8');
insert into users (id, username, email, password) values ('3b03c29a-bfd2-40ce-b094-d1d33924a99a', 'jchark2j', 'ssnalum2j@parallels.com', 'sEF0sscrCL');
insert into users (id, username, email, password) values ('51ee67c1-4644-4703-8b84-016cba30b8bb', 'rredihalgh2k', 'stewkesbury2k@goo.gl', 'OrfZOXNaz');
insert into users (id, username, email, password) values ('1867e890-6436-4778-860b-c8096edf4068', 'ntomblings2l', 'mreeve2l@umn.edu', 'faCdnOkujK4t');
insert into users (id, username, email, password) values ('5ae4c230-b570-440b-8581-697d8d0227f8', 'mlargent2m', 'emillership2m@liveinternet.ru', 'dtURy8qCPE');
insert into users (id, username, email, password) values ('da0ef3cc-e08f-4e19-b975-bb9e0e3eb0e3', 'wchurm2n', 'gcroxall2n@wikia.com', 'zSN033rN');
insert into users (id, username, email, password) values ('f18964a0-9c6b-44ef-a79f-4bae9ec66077', 'ovowdon2o', 'klucus2o@mit.edu', 'bvhOrams');
insert into users (id, username, email, password) values ('38a18403-d865-4b41-8797-fd4fd30c8436', 'upaulino2p', 'mwillbraham2p@vimeo.com', 'iTjG6p');
insert into users (id, username, email, password) values ('d8001289-028e-4ac4-86ca-e376c654e709', 'tmarchington2q', 'lbritch2q@howstuffworks.com', '9iwH2a');
insert into users (id, username, email, password) values ('0a740fbb-1ada-45a0-8c3c-fea1d3a1c446', 'cstanton2r', 'lnye2r@about.me', '262nYjX0HQO');


insert into tbl_group_users (tbl_group_id, users_id) values ('b45b1a7e-d17a-4c74-a7b9-0aa7d2750947', '88887d3a-fbe1-4980-ae8e-e60ddfafd863');
insert into tbl_group_users (tbl_group_id, users_id) values ('858df4fa-3cd5-4445-9bfa-553f7bc72297', '421d4c84-6c4f-45c7-83f5-7eeedc738766');
insert into tbl_group_users (tbl_group_id, users_id) values ('3cb6cd84-3911-4890-baa7-093dee188e76', '0a6794dd-2bd7-490d-ae01-a655026aa974');
insert into tbl_group_users (tbl_group_id, users_id) values ('3cb6cd84-3911-4890-baa7-093dee188e76', '3e1e7a33-fd66-4492-a1e5-e51c8e77efc9');
insert into tbl_group_users (tbl_group_id, users_id) values ('fbef1d8c-841b-4b7f-bcc2-8904435b4028', '0f806241-d373-44b7-afcb-7a43a81ffb45');
insert into tbl_group_users (tbl_group_id, users_id) values ('cce60efd-0c81-444a-9726-cd72de2cd221', '3a141389-1b82-4b47-92b9-8f59eab8c408');
insert into tbl_group_users (tbl_group_id, users_id) values ('29b9110a-4c13-4889-9309-816968883e23', '1af20e98-fd09-44c7-8a42-eb33e0fdd852');
insert into tbl_group_users (tbl_group_id, users_id) values ('836efa01-6192-49c9-82b4-613b22411dc9', 'cf63e993-610c-43e3-9760-b3a14eb76487');
insert into tbl_group_users (tbl_group_id, users_id) values ('12ca7bf5-f970-4499-bde1-d3ddb0380f92', '290de540-6983-452a-b302-6f4d989e58bf');
insert into tbl_group_users (tbl_group_id, users_id) values ('be75dd4c-9600-45fd-8816-fd9ec9c6c2fe', '78414a77-b71b-4353-b829-ff5b76a6eada');
insert into tbl_group_users (tbl_group_id, users_id) values ('836efa01-6192-49c9-82b4-613b22411dc9', '0a6125ca-9efa-49df-b513-ac89bc0f6e07');
insert into tbl_group_users (tbl_group_id, users_id) values ('3cb6cd84-3911-4890-baa7-093dee188e76', '0a1650cd-4659-465f-968a-f6f11c717557');
insert into tbl_group_users (tbl_group_id, users_id) values ('0dfddb8d-7100-4fd4-b8f2-8eeadce8a17b', '1622e2db-36d8-4640-a94e-8748bcf19634');
insert into tbl_group_users (tbl_group_id, users_id) values ('e3b508c5-392c-452f-af57-e3d0d5ff21f5', '682c15aa-63c6-4bce-851b-f3622c67c862');
insert into tbl_group_users (tbl_group_id, users_id) values ('2a056ca3-6c03-4d6a-9f7a-506e1706bdb7', 'bbd46cb0-90b4-4806-9f84-8b2bc8d3f3f6');
insert into tbl_group_users (tbl_group_id, users_id) values ('067c3f06-27bf-468e-a1d2-1077339c6557', '0b47be04-7d6e-4d03-89da-96bccf7bf295');
insert into tbl_group_users (tbl_group_id, users_id) values ('12ca7bf5-f970-4499-bde1-d3ddb0380f92', 'ed7a8708-c3b8-423a-afbf-83b94e466c0b');
insert into tbl_group_users (tbl_group_id, users_id) values ('be75dd4c-9600-45fd-8816-fd9ec9c6c2fe', '44a1ec0d-9e10-42d4-ae61-58e11318db67');
insert into tbl_group_users (tbl_group_id, users_id) values ('ce0b1850-e5a0-49d4-aeec-eb0450659796', '1cbbf25e-2113-4fb8-9b57-9043d44fc46d');
insert into tbl_group_users (tbl_group_id, users_id) values ('0dfddb8d-7100-4fd4-b8f2-8eeadce8a17b', '82aa2ef6-ede5-42ee-9b40-add94a7403c5');
insert into tbl_group_users (tbl_group_id, users_id) values ('19478932-6de0-497e-9cfd-e2ce5c09ecbc', 'd4ab7dd1-ee56-4484-8994-914202545a0e');
insert into tbl_group_users (tbl_group_id, users_id) values ('fb27464b-bec9-41e9-9e6f-70a86728cf15', '41ee6654-47dc-4f63-b35b-0c972b28171d');
insert into tbl_group_users (tbl_group_id, users_id) values ('3cb6cd84-3911-4890-baa7-093dee188e76', '0fb6b18e-bbda-4a7d-bfc4-5810a9e648bc');
insert into tbl_group_users (tbl_group_id, users_id) values ('3cb6cd84-3911-4890-baa7-093dee188e76', '5bafcf78-b921-4b38-b7fa-e2630d239a9e');
insert into tbl_group_users (tbl_group_id, users_id) values ('07069128-65fe-4133-a2c1-e06af83d8d39', '0f2224f6-4602-4703-994e-c2285dcfd047');
insert into tbl_group_users (tbl_group_id, users_id) values ('d715b75a-619c-46ca-b6c9-1c2b9d7fa076', '2ec98ea7-cc60-4df4-9973-64c9a83cfd5a');
insert into tbl_group_users (tbl_group_id, users_id) values ('b45b1a7e-d17a-4c74-a7b9-0aa7d2750947', 'b79ca9c4-36cc-481e-a16d-8b392fcf1798');
insert into tbl_group_users (tbl_group_id, users_id) values ('7239c42f-b7ab-4db5-9ef6-75949f18467a', 'e9332ae5-e6e6-4f8c-896b-e44de42257c2');
insert into tbl_group_users (tbl_group_id, users_id) values ('fbef1d8c-841b-4b7f-bcc2-8904435b4028', 'bcbd34b1-70de-470d-82bd-9be73f3a398b');
insert into tbl_group_users (tbl_group_id, users_id) values ('fbef1d8c-841b-4b7f-bcc2-8904435b4028', '7beaa580-1845-47a2-b404-9dda2e9acb14');
insert into tbl_group_users (tbl_group_id, users_id) values ('e3b508c5-392c-452f-af57-e3d0d5ff21f5', 'f6005c20-a981-4e34-8021-738c5a5b625d');
insert into tbl_group_users (tbl_group_id, users_id) values ('fbef1d8c-841b-4b7f-bcc2-8904435b4028', '1b163b95-f4ca-4530-840f-64f6b2fbfddd');
insert into tbl_group_users (tbl_group_id, users_id) values ('067c3f06-27bf-468e-a1d2-1077339c6557', '9a3dfca4-7f90-481c-baef-c9704f0c0eec');
insert into tbl_group_users (tbl_group_id, users_id) values ('b45b1a7e-d17a-4c74-a7b9-0aa7d2750947', 'b7059667-6e01-46b3-b699-29115f137949');
insert into tbl_group_users (tbl_group_id, users_id) values ('e3b508c5-392c-452f-af57-e3d0d5ff21f5', '7dcea37f-4e26-4fad-b0f0-0f32ae6b4bcd');
insert into tbl_group_users (tbl_group_id, users_id) values ('2a056ca3-6c03-4d6a-9f7a-506e1706bdb7', 'ac3ecffd-16f6-4f55-85a9-98099989e7d5');
insert into tbl_group_users (tbl_group_id, users_id) values ('7239c42f-b7ab-4db5-9ef6-75949f18467a', '3ee655a7-bd0a-4232-b8aa-89a2af405670');
insert into tbl_group_users (tbl_group_id, users_id) values ('19478932-6de0-497e-9cfd-e2ce5c09ecbc', 'dd48ee67-0177-4c7e-9023-75cbe043b7ea');
insert into tbl_group_users (tbl_group_id, users_id) values ('d715b75a-619c-46ca-b6c9-1c2b9d7fa076', '106ef911-253e-4d5a-a538-b0da2845f05e');
insert into tbl_group_users (tbl_group_id, users_id) values ('07069128-65fe-4133-a2c1-e06af83d8d39', '6a452c6d-49c2-4cf0-99ae-d08f626b1968');
insert into tbl_group_users (tbl_group_id, users_id) values ('12ca7bf5-f970-4499-bde1-d3ddb0380f92', '1fadf376-75ce-438d-bf75-a9a2359dad41');
insert into tbl_group_users (tbl_group_id, users_id) values ('07069128-65fe-4133-a2c1-e06af83d8d39', '1cfebcca-9d96-4caf-ad64-4d1d2155735e');
insert into tbl_group_users (tbl_group_id, users_id) values ('19478932-6de0-497e-9cfd-e2ce5c09ecbc', '8791c817-eaa3-481f-9fd8-1b2482606800');
insert into tbl_group_users (tbl_group_id, users_id) values ('12ca7bf5-f970-4499-bde1-d3ddb0380f92', '3b8879a1-a5d5-4fcf-8ca3-2ccfc761ab92');
insert into tbl_group_users (tbl_group_id, users_id) values ('858df4fa-3cd5-4445-9bfa-553f7bc72297', '8a1b0aca-78b2-4493-85ef-332753e827f8');
insert into tbl_group_users (tbl_group_id, users_id) values ('067c3f06-27bf-468e-a1d2-1077339c6557', '117ef0b3-e23a-4ad1-9a3b-ec0b7f106c25');
insert into tbl_group_users (tbl_group_id, users_id) values ('836efa01-6192-49c9-82b4-613b22411dc9', '330392d3-16c5-4602-bd81-06421620d3f7');
insert into tbl_group_users (tbl_group_id, users_id) values ('cce60efd-0c81-444a-9726-cd72de2cd221', '9ad79d15-a211-4b8b-a67d-3b80868c501b');
insert into tbl_group_users (tbl_group_id, users_id) values ('be75dd4c-9600-45fd-8816-fd9ec9c6c2fe', '24596baf-f0a1-403e-b737-7be1283bdebe');
insert into tbl_group_users (tbl_group_id, users_id) values ('cce60efd-0c81-444a-9726-cd72de2cd221', '31baa9aa-e459-46f8-9d0f-eaffc195983d');
insert into tbl_group_users (tbl_group_id, users_id) values ('d715b75a-619c-46ca-b6c9-1c2b9d7fa076', '44a297d1-5025-46b1-b86e-9a952a0451c8');
insert into tbl_group_users (tbl_group_id, users_id) values ('0dfddb8d-7100-4fd4-b8f2-8eeadce8a17b', '91bc5a85-5a00-4922-adc3-4be27b7499d4');
insert into tbl_group_users (tbl_group_id, users_id) values ('19478932-6de0-497e-9cfd-e2ce5c09ecbc', '2a269ec1-67a1-4560-a9dc-f252b2339287');
insert into tbl_group_users (tbl_group_id, users_id) values ('b45b1a7e-d17a-4c74-a7b9-0aa7d2750947', '120de5b0-8731-4b67-b5c2-10493b52f06c');
insert into tbl_group_users (tbl_group_id, users_id) values ('19478932-6de0-497e-9cfd-e2ce5c09ecbc', 'cf95ff2b-ef08-4632-a641-97846036dcfb');
insert into tbl_group_users (tbl_group_id, users_id) values ('067c3f06-27bf-468e-a1d2-1077339c6557', 'd26292c6-5eae-49ff-8f6c-5beda989322d');
insert into tbl_group_users (tbl_group_id, users_id) values ('5d90cbe9-fbc1-4d35-9be4-88e8cf5a5a37', 'b34ffc36-748a-4632-8729-f3595b20cfc3');
insert into tbl_group_users (tbl_group_id, users_id) values ('2a056ca3-6c03-4d6a-9f7a-506e1706bdb7', '0e1f2aa5-f66d-4366-8e94-e42f21f5d936');
insert into tbl_group_users (tbl_group_id, users_id) values ('858df4fa-3cd5-4445-9bfa-553f7bc72297', '875618b9-11bd-45a8-bb30-9c6c5c142a7b');
insert into tbl_group_users (tbl_group_id, users_id) values ('3cb6cd84-3911-4890-baa7-093dee188e76', 'fed7c04d-dc1c-4a97-9e9b-052d9dbd455d');
insert into tbl_group_users (tbl_group_id, users_id) values ('e3b508c5-392c-452f-af57-e3d0d5ff21f5', '7ca697fe-54bb-42b8-9d60-0a75f9db8e71');
insert into tbl_group_users (tbl_group_id, users_id) values ('7239c42f-b7ab-4db5-9ef6-75949f18467a', 'ea6390a2-f275-40d9-8ff4-5ecffbf374c6');
insert into tbl_group_users (tbl_group_id, users_id) values ('2a056ca3-6c03-4d6a-9f7a-506e1706bdb7', '0d38d45a-b7e8-4d08-b1af-c7172f01d1aa');
insert into tbl_group_users (tbl_group_id, users_id) values ('b45b1a7e-d17a-4c74-a7b9-0aa7d2750947', 'a4b05fdc-370c-440a-8368-0efa40b59a91');
insert into tbl_group_users (tbl_group_id, users_id) values ('7239c42f-b7ab-4db5-9ef6-75949f18467a', '18297a21-1911-427f-98c4-c0f78240a417');
insert into tbl_group_users (tbl_group_id, users_id) values ('ce0b1850-e5a0-49d4-aeec-eb0450659796', '49b7a009-e679-4a76-8e4f-d42f7fcab045');
insert into tbl_group_users (tbl_group_id, users_id) values ('fb27464b-bec9-41e9-9e6f-70a86728cf15', 'fa2f2718-5e0c-46a8-9cd4-e426b865268f');
insert into tbl_group_users (tbl_group_id, users_id) values ('858df4fa-3cd5-4445-9bfa-553f7bc72297', '7fcaef78-0b67-43ed-988a-7ec0c3283627');
insert into tbl_group_users (tbl_group_id, users_id) values ('b45b1a7e-d17a-4c74-a7b9-0aa7d2750947', 'ae9533cc-232c-44fc-8969-29f8a654c72b');
insert into tbl_group_users (tbl_group_id, users_id) values ('12ca7bf5-f970-4499-bde1-d3ddb0380f92', '28c3bfe8-0f83-4d59-9a8b-4236e182bf0f');
insert into tbl_group_users (tbl_group_id, users_id) values ('12ca7bf5-f970-4499-bde1-d3ddb0380f92', '4fc296f2-fb9c-4b9c-9472-2bbc460fb16b');
insert into tbl_group_users (tbl_group_id, users_id) values ('858df4fa-3cd5-4445-9bfa-553f7bc72297', '7b69ba2f-b988-4629-a43b-be4f97bc3310');
insert into tbl_group_users (tbl_group_id, users_id) values ('ce0b1850-e5a0-49d4-aeec-eb0450659796', 'b502164d-1ece-4e5b-8a8b-26a49c316c67');
insert into tbl_group_users (tbl_group_id, users_id) values ('fbef1d8c-841b-4b7f-bcc2-8904435b4028', '752ae5ca-446d-4505-a49c-c8fdcebde6d9');
insert into tbl_group_users (tbl_group_id, users_id) values ('07069128-65fe-4133-a2c1-e06af83d8d39', 'e15f0945-b7d4-4e0b-91dd-7ead227d27f9');
insert into tbl_group_users (tbl_group_id, users_id) values ('d715b75a-619c-46ca-b6c9-1c2b9d7fa076', '4584087a-313a-469c-a081-6b579f238f72');
insert into tbl_group_users (tbl_group_id, users_id) values ('b45b1a7e-d17a-4c74-a7b9-0aa7d2750947', '01dfb166-c299-4a08-84fb-0fee33008f72');
insert into tbl_group_users (tbl_group_id, users_id) values ('067c3f06-27bf-468e-a1d2-1077339c6557', 'f89c021e-47d2-45f5-b524-25e1d718f7b8');
insert into tbl_group_users (tbl_group_id, users_id) values ('19478932-6de0-497e-9cfd-e2ce5c09ecbc', '589dae8e-966c-434d-be8e-7b741b60d115');
insert into tbl_group_users (tbl_group_id, users_id) values ('836efa01-6192-49c9-82b4-613b22411dc9', 'c201ad3b-2041-4f65-b033-62445f0b3122');
insert into tbl_group_users (tbl_group_id, users_id) values ('2a056ca3-6c03-4d6a-9f7a-506e1706bdb7', 'fb5ada4f-2c51-4304-8179-17fa4e0d2d2f');
insert into tbl_group_users (tbl_group_id, users_id) values ('19478932-6de0-497e-9cfd-e2ce5c09ecbc', '90bac2d0-7e3a-4377-8a75-1abadc406a95');
insert into tbl_group_users (tbl_group_id, users_id) values ('ce0b1850-e5a0-49d4-aeec-eb0450659796', '450da43b-a293-4e78-bc3f-3a0d6217c6cf');
insert into tbl_group_users (tbl_group_id, users_id) values ('7239c42f-b7ab-4db5-9ef6-75949f18467a', '8d59a058-3abb-4c76-9947-20e2f225dc8f');
insert into tbl_group_users (tbl_group_id, users_id) values ('e3b508c5-392c-452f-af57-e3d0d5ff21f5', 'a6a42358-dbfb-4f52-bcf2-8500429792b3');
insert into tbl_group_users (tbl_group_id, users_id) values ('fbef1d8c-841b-4b7f-bcc2-8904435b4028', '712e72ab-d129-47a8-a027-83fe4e88a7f8');
insert into tbl_group_users (tbl_group_id, users_id) values ('fbef1d8c-841b-4b7f-bcc2-8904435b4028', '3bd45d03-4e22-4477-b49c-a09b1a3914cd');
insert into tbl_group_users (tbl_group_id, users_id) values ('07069128-65fe-4133-a2c1-e06af83d8d39', 'dc9c0e6a-c48e-470f-b5c8-8129aea48092');
insert into tbl_group_users (tbl_group_id, users_id) values ('b45b1a7e-d17a-4c74-a7b9-0aa7d2750947', '205e84cc-e98e-4bea-b25a-26c9a1688f2a');
insert into tbl_group_users (tbl_group_id, users_id) values ('19478932-6de0-497e-9cfd-e2ce5c09ecbc', '45633cfa-1385-4331-8131-bc0965da70a8');
insert into tbl_group_users (tbl_group_id, users_id) values ('7239c42f-b7ab-4db5-9ef6-75949f18467a', 'f4082ad1-8f60-4ce5-aef4-8035d0ee5c09');
insert into tbl_group_users (tbl_group_id, users_id) values ('067c3f06-27bf-468e-a1d2-1077339c6557', '3b03c29a-bfd2-40ce-b094-d1d33924a99a');
insert into tbl_group_users (tbl_group_id, users_id) values ('12ca7bf5-f970-4499-bde1-d3ddb0380f92', '51ee67c1-4644-4703-8b84-016cba30b8bb');
insert into tbl_group_users (tbl_group_id, users_id) values ('d715b75a-619c-46ca-b6c9-1c2b9d7fa076', '1867e890-6436-4778-860b-c8096edf4068');
insert into tbl_group_users (tbl_group_id, users_id) values ('19478932-6de0-497e-9cfd-e2ce5c09ecbc', '5ae4c230-b570-440b-8581-697d8d0227f8');
insert into tbl_group_users (tbl_group_id, users_id) values ('07069128-65fe-4133-a2c1-e06af83d8d39', 'da0ef3cc-e08f-4e19-b975-bb9e0e3eb0e3');
insert into tbl_group_users (tbl_group_id, users_id) values ('e3b508c5-392c-452f-af57-e3d0d5ff21f5', 'f18964a0-9c6b-44ef-a79f-4bae9ec66077');
insert into tbl_group_users (tbl_group_id, users_id) values ('cce60efd-0c81-444a-9726-cd72de2cd221', '38a18403-d865-4b41-8797-fd4fd30c8436');
insert into tbl_group_users (tbl_group_id, users_id) values ('7239c42f-b7ab-4db5-9ef6-75949f18467a', 'd8001289-028e-4ac4-86ca-e376c654e709');
insert into tbl_group_users (tbl_group_id, users_id) values ('07069128-65fe-4133-a2c1-e06af83d8d39', '0a740fbb-1ada-45a0-8c3c-fea1d3a1c446');